pid,is_valid,valid_duration,total_duration,valid_portion
61,True,1268059,1270888,0.997773997394
62,True,579240,579408,0.999710048877
