pid,is_valid,valid_duration,total_duration,valid_portion
62,True,579240,579408,0.9997100488774749
61,True,1268059,1270888,0.9977739973939481
