Sc_id	abspathanglesrate	doubleclicrate	enddistance	endpupilsize	eyemovementvelocity	fixationrate	keypressedrate	leftclicrate	length	maxdistance	maxpupilsize	meanabspathangles	meandistance	meanfixationduration	meanpathdistance	meanpupilsize	meanrelpathangles	mindistance	minpupilsize	numdoubleclic	numevents	numfixations	numkeypressed	numleftclic	numrightclic	numsegments	relpathanglesrate	rightclicrate	startdistance	startpupilsize	stddevabspathangles	stddevdistance	stddevfixationduration	stddevpathdistance	stddevpupilsize	stddevrelpathangles	sumabspathangles	sumfixationduration	sumpathdistance	sumrelpathangles	timetofirstdoubleclic	timetofirstkeypressed	timetofirstleftclic	timetofirstrightclic
P67	3.49738201105e-06	0.0	0	3.97605	0.000352325586746	2.34533441044e-06	3.0417401154e-08	1.32225415062e-07	7199826142	0	6.15665	1.49129656095	0.0	217194.221604	150.232926855	3.56000470544	2.00548718845	0	2.18075	0	1171	16886	219	952	0	1	4.70298101953e-06	0.0	0	3.7224	1.08183879802	0.0	155770.028931	193.731717102	0.250210037027	1.64820959083	25180.5424317	3667541626	2536682.96995	33860.6456897	-1	167630227401	167587748120	-1
All	3.49738201105e-06	0.0	0	3.97605	0.000352325586746	2.34533441044e-06	3.0417401154e-08	1.32225415062e-07	7199826142	0	6.15665	1.49129656095	0.0	217194.221604	150.232926855	3.56000470544	2.00548718845	0	2.18075	0	1171	16886	219	952	0	1	4.70298101953e-06	0.0	0	3.7224	1.08183879802	0.0	155770.028931	193.731717102	0.250210037027	1.64820959083	25180.5424317	3667541626	2536682.96995	33860.6456897	-1	167630227401	167587748120	-1
