Sc_id	abspathanglesrate	doubleclicrate	enddistance	endpupilsize	eyemovementvelocity	fixationrate	keypressedrate	leftclicrate	length	maxdistance	maxpupilsize	meanabspathangles	meandistance	meanfixationduration	meanpathdistance	meanpupilsize	meanrelpathangles	mindistance	minpupilsize	numdoubleclic	numevents	numfixations	numkeypressed	numleftclic	numrightclic	numsegments	relpathanglesrate	rightclicrate	startdistance	startpupilsize	stddevabspathangles	stddevdistance	stddevfixationduration	stddevpathdistance	stddevpupilsize	stddevrelpathangles	sumabspathangles	sumfixationduration	sumpathdistance	sumrelpathangles	timetofirstdoubleclic	timetofirstkeypressed	timetofirstleftclic	timetofirstrightclic
P67	4.05436585971e-06	0.0	0	3.3786	0.000453568030788	2.68320718221e-06	1.08936888065e-07	1.02319226641e-07	1964440180	0	5.10325	1.51130155583	0.0	215270.296908	169.071587105	3.57792184705	1.98861779357	0	2.1919	0	415	5271	214	201	0	1	5.33384893111e-06	0.0	0	3.7224	1.08253735196	0.0	167456.084743	207.970422724	0.240592353322	1.60584053786	7964.55919923	1134689735	891007.264044	10478.0271543	-1	167630227401	167587748120	-1
All	4.05436585971e-06	0.0	0	3.3786	0.000453568030788	2.68320718221e-06	1.08936888065e-07	1.02319226641e-07	1964440180	0	5.10325	1.51130155583	0.0	215270.296908	169.071587105	3.57792184705	1.98861779357	0	2.1919	0	415	5271	214	201	0	1	5.33384893111e-06	0.0	0	3.7224	1.08253735196	0.0	167456.084743	207.970422724	0.240592353322	1.60584053786	7964.55919923	1134689735	891007.264044	10478.0271543	-1	167630227401	167587748120	-1
